
INSERT INTO `classifications` (`catID`, `category_id`, `parent_id`, `category_name`, `catname`, `catype`, `code`) VALUES
(8, '1-1', 1, 'Account', 'Account', 1, 'ACC'),
(9, '1-2', 1, 'Administration', 'Administration', 1, 'ADM'),
(10, '1-3', 1, 'Business Development', 'Business Development', 1, 'BD'),
(11, '1-4', 1, 'Business Sub. 1', 'Business Sub. 1', 1, 'SUB1'),
(12, '1-5', 1, 'Busniess Sub. 2', 'Busniess Sub. 2', 1, 'SUB2'),
(13, '1-6', 1, 'CE''S Office', 'CE''S Office', 1, 'CEO'),
(14, '1-7', 1, 'Fire Services', 'Fire Services', 1, 'FIRE'),
(15, '1-8', 1, 'Inspection', 'Inspection', 1, 'INSP'),
(16, '1-9', 1, 'Internal Audit', 'Internal Audit', 1, 'AUDIT'),
(17, '1-10', 1, 'Internal Control', 'Internal Control', 1, 'CNTRL'),
(18, '1-11', 1, 'Marketing', 'Marketing', 1, 'MRK'),
(19, '1-12', 1, 'Operations', 'Operations', 1, 'OPS'),
(20, '1-13', 1, 'Soft Services', 'Soft Services', 1, 'SOFT'),
(21, '1-14', 1, 'Technical Services', 'Technical Services', 1, 'TECH'),
(22, '4-1', 4, 'Blocks', 'Blocks', 4, 'BLK'),
(23, '4-2', 4, 'Sub-Blocks', 'Sub-Blocks', 4, 'SUBLK'),
(24, '4-3', 4, 'Bank Building', 'Bank Building', 4, 'BANK'),
(25, '4-4', 4, 'Lock-up Ensuite', 'Lock-up Ensuite', 4, 'ENS'),
(26, '4-5', 4, 'Lock-up Restaurant', 'Lock-up Restaurant', 4, 'REST1'),
(27, '4-6', 4, 'Lock-up Store', 'Lock-up Store', 4, 'LCK'),
(28, '4-7', 4, 'Open Restaurant (Buka)', 'Open Restaurant (Buka)', 4, 'BUKA'),
(29, '4-8', 4, 'Open Store', 'Open Store', 4, 'OPEN'),
(30, '4-9', 4, 'Open Store (Half)', 'Open Store (Half)', 4, 'OPHLF'),
(31, '4-10', 4, 'Open Store (Quarter)', 'Open Store (Quarter)', 4, 'OPQTR'),
(32, '4-11', 4, 'Stand-alone Restaurant', 'Stand-alone Restaurant', 4, 'REST2'),
(33, '4-12', 4, 'Warehouse', 'Warehouse', 4, 'WH'),
(34, '3-1', 3, 'Rent', 'Rent', 3, 'RENT'),
(35, '3-2', 3, 'Legal Fee', 'Legal Fee', 3, 'LEGAL'),
(36, '3-3', 3, 'Security Deposit', 'Security Deposit', 3, 'DEPOS'),
(37, '3-4', 3, 'Application Form', 'Application Form', 3, 'FORM'),
(38, '3-5', 3, 'Service Charge', 'Service Charge', 3, 'SRVCHG');

INSERT INTO `vendors` (`ContactTitle`, `ContactLastName`, `ContactFirstName`, `ContactMidName`, `VendorType`, `ClientType`, `InUse`, `sex`, `currency`, `DeptID`, `datehired`, `dateofbirth`, `BillingAddress`, `City`, `StateOrProvince`, `Country`, `MobilePhone`, `EmailAddress`) VALUES
('Miss', 'Okorogu', 'Lois', 'C.', 5, 1, 1, 2, 1, 12, '2013-9-26', '1987-7-1', '37 Frank Street', 'Agboju Amuwo', 'Lagos', '154', '08034473708', 'talk2chyka2008@yahoo.com'),
('Miss', 'Okonkwo', 'Ify', 'Kalu', 5, 1, 1, 2, 1, 11, '2013-9-26', '1986-10-4', '17 Amodu close, Miccom ', 'Egbeda', 'Lagos ', '154', '08063903886', 'berrytreasurekk@yahoo.com'),
('Miss', 'Bassey', 'Mercy', '', 5, 1, 1, 2, 1, 18, '2006-9-11', '1981-6-29', '2 Itoye street off haruna', 'Ifako Ijaye', 'Lagos', '154', '08029225525', 'mercybassey2002@yahoo.com'),
('Miss', 'Akpan', 'Ekaete', 'L.', 5, 1, 1, 2, 1, 18, '2013-3-1', '', '16 Adebayo ige street', 'Ikotu', 'Lagos', '154', '', ''),
('Miss', 'Orji', 'Favour', '', 5, 1, 1, 2, 1, 18, '2013-3-11', '1984-7-21', '24 Folunsho street off Ijaiye road Oke Ira', 'Ogba', 'Lagos ', '154', '08038798495', 'damsel_f@yahoo.com'),
('Miss', 'Ekwenye', 'Angela', '', 5, 1, 1, 2, 1, 8, '2013-8-1', '', '17 Oke Ano Street, kilo', 'Surulere', 'Lagos', '154', '08033514195', 'angelekwenye@yahoo.com'),
('Miss', 'Usman', 'Omonigbo', 'J', 5, 1, 1, 2, 1, 12, '2013-3-1', '', '7 Babatunde street off Ogunlana drive ', 'Surulere', 'Lagos', '154', '08036230276', 'omonjoan@yahoo.com'),
('Miss', 'Whoba', 'Agoha', 'Adeeze', 5, 1, 1, 2, 1, 9, '2013-4-22', '1979-12-17', '12 Uyobang street, ', '', 'Akwa-Ibom', '154', '07036474578', 'adaezeagaoha@yahoo.com'),
('Miss', 'Ifeoma', 'Obuh', '', 5, 1, 1, 2, 1, 13, '2013-10-3', '1988-11-17', '4, Abayomi street owulade estate, owode, ikorodu road', '', 'Lagos', '154', '07035175923', 'just4ton@yahoo.com'),
('Mr', 'Fapete', 'Adewale', '', 5, 1, 1, 1, 1, 21, '2012-6-16', '1978-2-28', '8 Jenrala street, Mafoluku', 'Oshodi', 'Lagos', '154', '08074104392', ''),
('Mr', 'Alli', 'Sukanmi', 'Kazeem', 5, 1, 1, 1, 1, 8, '2013-9-23', '1980-9-27', '30 Bolaji Amupo street, dabaro off pedro road', 'Palm-groove', 'Lagos', '154', '08035670928', 'olasunkan7alli@yahoo.com'),
('Mr.', 'Ekpede', 'Victor', 'F.', 5, 1, 1, 1, 1, 9, '2012-7-10', '', '6 Taofeek street', 'Abule Egbe', 'Lagos', '154', '07039153879', ''),
('Mr.', 'Abdullahi', 'Bala', 'M.', 5, 1, 1, 1, 1, 12, '2013-9-1', '1986-12-5', '2 Gbamgbose street', 'Abule ijesha', 'Lagos', '154', '08038179479', 'baally2002@yahoo.com'),
('Mr.', 'Raphael', 'Seyi', '', 5, 1, 1, 1, 1, 11, '2013-9-24', '1985-5-12', '9 Olorunsogo street', 'Adiyan', 'Lagos', '154', '08037499212', 'raphael.seyi@yahoo.co.uk'),
('Mr.', 'Nwaogu', 'Kelechi', 'P.', 5, 1, 1, 1, 1, 19, '2013-4-1', '1973-11-3', '57 Baruwa street off pako, old ojo road', 'Agboju Amuwo', 'Lagos ', '154', '08033462663', 'kc_nwaogu@yahoo.com'),
('Mr.', 'Olusanya', 'Babatunde', '', 5, 1, 1, 1, 1, 8, '2013-10-2', '1979-2-8', '30 Odo Nla Street', 'Bariga', 'Lagos', '154', '08023945015', 'mickj2010@yahoo.com'),
('Mr.', 'Ngana', 'Emmanuel', '', 5, 1, 1, 1, 1, 20, '2012-10-1', '1978-3-2', '13 Ijagbemi street Pedro, Ladi-lak', 'Bariga', 'Lagos', '154', '08063913313', ''),
('Mr.', 'Chukwu', 'Victor', 'O.', 5, 1, 1, 1, 1, 12, '2013-3-11', '1980-4-14', '4 Ibukun Omoseyin street', 'Egbeda', 'Lagos', '154', '08036762240', 'bobbychukz@yahoo.com'),
('Mr.', 'Agada', 'Nnaemeka', '', 5, 1, 1, 1, 1, 12, '2013-4-1', '', '206 Road F close, House 6 ', 'Festac', 'Lagos', '154', '', 'emydal2002@yahoo.com'),
('Mr.', 'Nweze', 'Marcel', '', 5, 1, 1, 1, 1, 18, '2011-10-20', '1984-5-21', '5th Avenue Block1 Flat3, 511 road', 'Festac', 'Lagos', '154', '', 'marcelnweze@yahoo.com'),
('Mr.', 'Ajala', 'Kinsley', 'C.', 5, 1, 1, 1, 1, 16, '2013-10-1', '', '10/12 Estaport avenue, soluyi ', 'Gbagada', 'Lagos', '154', '08039578565', 'donmacxy@bmail.com'),
('Mr.', 'Sadiq', 'Remilekun', 'J.', 5, 1, 1, 1, 1, 15, '2013-9-23', '1985-5-28', '1 Adaloko road, Odan Era', 'Ijanikin', 'Lagos', '154', '07038399695', 'jamiusadeek@gmail.com'),
('Mr.', 'Ogbo', 'Alex', 'S.', 5, 1, 1, 1, 1, 9, '2011-10-14', '1983-9-11', '42, Bola Akeredestreet', 'Ijegun ', 'Lagos', '154', '08078591681', ''),
('Mr.', 'Elemide', 'Aanu', 'A.', 5, 1, 1, 1, 1, 11, '2013-9-1', '1984-6-28', '19, Akinyemi street, okearo', 'Iju-ishaga', 'Lagos', '154', '08060603515', '_aanu@yahoo.com'),
('Mr.', 'Oduleye', 'Isiaka', 'A.', 5, 1, 1, 1, 1, 18, '2013-3-1', '1984-12-8', '61 Olurunfunmi street, olusosun', 'Ikeja', 'Lagos', '154', '08038424535', 'zicoboy4real@yahoo.com'),
('Mr.', 'Anthony', 'Michael', '', 5, 1, 1, 1, 1, 20, '2010-1-26', '', 'CBQ Block 7 Ikeja Cantoment', 'Ikeja', 'Lagos', '154', '', ''),
('Mr.', 'Uwanaka', 'James', 'H.', 5, 1, 1, 1, 1, 21, '', '1970-2-13', 'Block 41, Flat 32, Nigerian Army Cantoment', 'Ikeja', 'Lagos', '154', '08161695740', ''),
('Mr.', 'Umoru', 'Saibu', 'P.', 5, 1, 1, 1, 1, 14, '2009-5-13', '1948-2-15', 'New site lajo Igbogbo', 'Ikorodu', 'Lagos', '154', '08082828881', ''),
('Mr.', 'Oladele', 'Afolabi', 'F.', 5, 1, 1, 1, 1, 16, '2013-9-23', '1980-11-23', '2 Agbajefeye street, off adaraloye street', 'Ikorodu', 'Lagos', '154', '08034394280', 'oladeleafolabi735@yahoo.com'),
('Mr.', 'Kassim', 'Badiru', 'B.', 5, 1, 1, 1, 1, 21, '2009-3-4', '1986-1-9', '13, Gbadamosi street, Itunpate', 'Ikorodu', 'Lagos', '154', '08080802050', 'kassimbadiru@yahoo.com'),
('Mr.', 'Aina', 'Babatunde', 'O.', 5, 1, 1, 1, 1, 11, '2013-10-2', '1979-6-24', 'Block237 Flat 4, Abesan housing estate', 'Ipaja', 'Lagos', '154', '08032249261', 'tunde_aina@yahoo.com'),
('Mr.', 'Soyemi', 'Ayodele', 'A.', 5, 1, 1, 1, 1, 11, '2012-9-5', '1982-5-32', '5 Oyedele close off Egberongbe street', 'Iyana-Ipaja', 'Lagos', '154', '', 'mansizcole@yahoo.com'),
('Mr.', 'Apalowo', 'Sunday', '', 5, 1, 1, 1, 1, 11, '2013-3-11', '1981-5-31', '21 Adeleye street, off ige street', 'Iyana-Ipaja', 'Lagos', '154', '08068333505', 'apalowolarry@yahoo.com'),
('Mr.', 'Okojie', 'Emmanuel', '', 5, 1, 1, 1, 1, 21, '2012-10-1', '', '3 Moradey', 'Maza Maza', 'Lagos', '154', '08186772616', ''),
('Mr.', 'Raimi', 'Alliu', '', 5, 1, 1, 1, 1, 21, '2009-4-22', '', '7 Gospel crusader street, off Haruna street', 'Ogba', 'Lagos', '154', '', ''),
('Mr.', 'Akpan', 'Victor', 'N.', 5, 1, 1, 1, 1, 14, '2012-9-1', '1981-11-1', '5 John Ladipo street', 'Olodi Apapa', 'Lagos', '154', '08060692755', ''),
('Mr.', 'Ejimbi', 'Peter', 'M.', 5, 1, 1, 1, 1, 9, '2012-7-4', '1984-2-23', '20, Aveni village road, Mafoloku', 'Oshodi', 'Lagos', '154', '07056475533', ''),
('Mr.', 'Ukpai', 'Blessing', '', 5, 1, 1, 1, 1, 12, '2012-7-9', '1980-6-30', '14 Atanda street, ewuntuntun', 'Oshodi', 'Lagos', '154', '07035029620', 'blessingnone@yahoo.com'),
('Mr.', 'Okere', 'Chimaobi', '', 5, 1, 1, 1, 1, 8, '2012-7-9', '1983-4-26', '3 Akerele street, L&K ', 'Oworoshoki', 'Lagos', '154', '08037112860', 'okerechimaobi@yahoo.com'),
('Mr.', 'Onitiju', 'Afeez', 'A.', 5, 1, 1, 1, 1, 14, '2012-2-3', '1988-7-22', 'Federal fire service, Barrack', 'Satellite Town', 'Lagos ', '154', '08022858507', ''),
('Mr.', 'Ajide', 'Gbenga', 'Bayo', 5, 1, 1, 1, 1, 16, '2013-9-24', '1980-11-12', '61 Igi-ologbin street, Ladi lak ', 'Shomolu, Bariga', 'Lagos', '154', '08061189590', 'ajide.gbenga@yahoo.com'),
('Mr.', 'Bonaventure', 'Ekoh', 'C', 5, 1, 1, 1, 1, 10, '2013-9-9', '', '2 Yemibabalola street, Aguda', 'Surulere', 'Lagos', '154', '08035998391', 'bonachidi@yahoo.com'),
('Mr.', 'Iyonsi', 'Precious', 'M.', 5, 1, 1, 1, 1, 12, '2013-9-18', '1987-7-5', '34 Ayinde Giwa street off masha', 'Surulere', 'Lagos', '154', '08139341447', 'iyonsiprecious@gmail.com'),
('Mr.', 'Obuseh', 'Monday', '', 5, 1, 1, 1, 1, 14, '2013-2-11', '1984-9-28', '4 Fadairo street. Itirre ', 'Surulere', 'Lagos', '154', '08073768526', 'efeforeal@yahoo.com'),
('Mr.', 'Funsho', 'Ganiyu', '', 5, 1, 1, 1, 1, 21, '2012-3-1', '1965-5-5', '76, Ogunsami street, Itire', 'Surulere', 'Lagos', '154', '08023340527', ''),
('Mr.', 'Abayomi', 'Oguntosin', '', 5, 1, 1, 1, 1, 17, '2011-10-20', '1978-12-28', 'Batcher 6 Flat 5 Bonny cantoment', 'Victoria Island', 'Lagos', '154', '08069594879', 'jatosin@yahoo.com'),
('Mr.', 'Itodo', 'Emmanuel', '', 5, 1, 1, 1, 1, 9, '', '', 'Block B10 Railway, Quarters M way, alagomeji', 'Yaba', 'Lagos', '154', '', ''),
('Mr.', 'Mbah', 'Okechukwu', 'J.', 5, 1, 1, 1, 1, 11, '2013-9-23', '1986-1-11', '28, Aderigbigbe street, Onitiri', 'Yaba', 'Lagos', '154', '07038095737', 'johnMbah01@yahoo.com'),
('Mr.', 'Ighaman', 'Rapheal', '', 5, 1, 1, 1, 1, 19, '', '', '', '', '', '154', '', ''),
('Mrs', 'Ogunleye', 'Folake', 'Y.', 5, 1, 1, 2, 1, 13, '2011-12-6', '1984-4-18', 'House 10, Muqaddas olubori crescent off ogunyomi  road', 'Ajah', 'Lagos', '154', '08028136305', 'oluwafolakemi09@yahoo.com'),
('Mrs.', 'Adebayo', 'Mosunmola', '', 5, 1, 1, 2, 1, 15, '2012-4-2', '1970-4-3', '32 Femi ade bayo street,off camp david road', 'Ayobo', 'Lagos', '154', '08052150060', 'dalola_bimpe@yahoo.com'),
('Mrs.', 'Ajegwu', 'Ella', '', 5, 1, 1, 2, 1, 18, '2012-11-4', '1979-12-25', '8 Crystal estate', 'Ilupeju', 'Lagos', '154', '08037099665', 'uchechukwuajegwu@yahoo.com'),
('Mrs.', 'Lola', 'Aliu', '', 5, 1, 1, 2, 1, 20, '2014-2-1', '', '', '', '', '154', '', ''),
('', 'Uwaoma', 'Jephter', '', 5, 1, 1, 1, 1, 21, '', '', '', '', '', '', '', '');

INSERT INTO `items` (`ItemID`, `typ`, `ProdCode`, `ProdName`, `InUse`, `Classification`, `UnitPrice`, `itmtax`) VALUES
(10001, 2, 'FRM_A', 'Application Form (A)', 1, 37, '3000', 0),
(10002, 2, 'FRM_B', 'Application Form (B)', 1, 37, '10000', 0),
(10003, 2, 'ENS1', 'Lock-up Ensuite 1 year', 1, 34, '280000', 5),
(10004, 2, 'LCK1', 'Lock-up Store 1 year', 1, 34, '250000', 5),
(10005, 2, 'BUKA1', 'Open Restaurant (Buka) 1 year', 1, 34, '50000', 5),
(10006, 2, 'OPN1', 'Open Store 1 year', 1, 34, '188000', 5),
(10007, 2, 'OPN_HLF1', 'Open Store (Half) 1 year', 1, 34, '94000', 5),
(10008, 2, 'OPN-QTR1', 'Open Store (Quarter) 1 year', 1, 34, '47000', 5),
(10009, 2, 'WHS1', 'Warehouse 1 year', 1, 34, '350000', 5),
(10010, 2, 'BANK5', 'Bank Building 5 year', 1, 34, '43750000', 5),
(10011, 2, 'ENS5', 'Lock-up Ensuite 5 year', 1, 34, '1120000', 5),
(10012, 2, 'LCK5', 'Lock-up Store 5 year', 1, 34, '1000000', 5),
(10013, 2, 'BUKA5', 'Open Restaurant (Buka) 5 year', 1, 34, '850000', 5),
(10014, 2, 'OPN5', 'Open Store 5 year', 1, 34, '850000', 5),
(10015, 2, 'WHS5', 'Warehouse 5 year', 1, 34, '1550000', 5),
(10016, 2, 'BANK10', 'Bank Building 10 year', 1, 34, '87500000', 5),
(10017, 2, 'REST10', 'Stand-alone Restaurant 10 year', 1, 34, '82440000', 5),
(10018, 2, 'ENS10', 'Lock-up Ensuite 10 year', 1, 34, '2240000', 5),
(10019, 2, 'REST_LCK_10', 'Lock-up Restaurant 10 year', 1, 34, '15000000', 5),
(10020, 2, 'LCK10', 'Lock-up Store 10 year', 1, 34, '2000000', 5),
(10021, 2, 'BUKA10', 'Open Restaurant (Buka) 10 year', 1, 34, '1700000', 5),
(10022, 2, 'OPN10', 'Open Store 10 year', 1, 34, '1700000', 5),
(10023, 2, 'WHS10', 'Warehouse 10 year', 1, 34, '3100000', 5),
(10024, 2, 'ENS_LGL1', 'Lock-up Ensuite 1 year Legal Fee', 1, 35, '14000', 0),
(10025, 2, 'LCK_LGL1', 'Lock-up Store 1 year Legal Fee', 1, 35, '12500', 0),
(10026, 2, 'BUKA_LGL1', 'Open Restaurant (Buka) 1 year Legal Fee', 1, 35, '2500', 0),
(10027, 2, 'OPN_LGL1', 'Open Store 1 year Legal Fee', 1, 35, '9400', 0),
(10028, 2, 'OPN_HLF_LGL1', 'Open Store (Half) 1 year Legal Fee', 1, 35, '4700', 0),
(10029, 2, 'OPN-QTR_LGL1', 'Open Store (Quarter) 1 year Legal Fee', 1, 35, '2350', 0),
(10030, 2, 'WHS_LGL1', 'Warehouse 1 year Legal Fee', 1, 35, '17500', 0),
(10031, 2, 'BANK_LGL5', 'Bank Building 5 year Legal Fee', 1, 35, '2187500', 0),
(10032, 2, 'ENS_LGL5', 'Lock-up Ensuite 5 year Legal Fee', 1, 35, '56000', 0),
(10033, 2, 'LCK_LGL5', 'Lock-up Store 5 year Legal Fee', 1, 35, '50000', 0),
(10034, 2, 'BUKA_LGL5', 'Open Restaurant (Buka) 5 year Legal Fee', 1, 35, '42500', 0),
(10035, 2, 'OPN_LGL5', 'Open Store 5 year Legal Fee', 1, 35, '42500', 0),
(10036, 2, 'WHS_LGL5', 'Warehouse 5 year Legal Fee', 1, 35, '77500', 0),
(10037, 2, 'BANK_LGL10', 'Bank Building 10 year Legal Fee', 1, 35, '4375000', 0),
(10038, 2, 'REST_LGL10', 'Stand-alone Restaurant 10 year Legal Fee', 1, 35, '4122000', 0),
(10039, 2, 'ENS_LGL10', 'Lock-up Ensuite 10 year Legal Fee', 1, 35, '112000', 0),
(10040, 2, 'REST_LCK_LGL10', 'Lock-up Restaurant 10 year Legal Fee', 1, 35, '750000', 0),
(10041, 2, 'LCK_LGL10', 'Lock-up Store 10 year Legal Fee', 1, 35, '100000', 0),
(10042, 2, 'BUKA_LGL10', 'Open Restaurant (Buka) 10 year Legal Fee', 1, 35, '85000', 0),
(10043, 2, 'OPN_LGL10', 'Open Store 10 year Legal Fee', 1, 35, '85000', 0),
(10044, 2, 'WHS_LGL10', 'Warehouse 10 year Legal Fee', 1, 35, '155000', 0),
(10045, 2, 'DEP_BNK', 'Bank Building Security Deposit', 1, 36, '3750000', 0),
(10046, 2, 'DEP_ENS', 'Lock-up Ensuite Security Deposit', 1, 36, '12000', 0),
(10047, 2, 'DEP_RST_LCK', 'Lock-up Restaurant Security Deposit', 1, 36, '100000', 0),
(10048, 2, 'DEP_LCK', 'Lock-up Store Security Deposit', 1, 36, '10000', 0),
(10049, 2, 'DEP_BUK', 'Open Restaurant (Buka) Security Deposit', 1, 36, '8000', 0),
(10050, 2, 'DEP_OPN', 'Open Store Security Deposit', 1, 36, '8000', 0),
(10051, 2, 'DEP_HLF', 'Open Store (Half) Security Deposit', 1, 36, '4000', 0),
(10052, 2, 'DEP_QTR', 'Open Store (Quarter) Security Deposit', 1, 36, '2000', 0),
(10053, 2, 'DEP_RST', 'Stand-alone Restaurant Security Deposit', 1, 36, '370000', 0),
(10054, 2, 'DEP_WH', 'Warehouse Security Deposit', 1, 36, '20000', 0),
(10055, 2, 'BNK_SRV', 'Bank Building Service Charge', 1, 38, '198675', 0),
(10056, 2, 'ENS_SRV', 'Lock-up Ensuite Service Charge', 1, 38, '6350', 0),
(10057, 2, 'RST_LCK_SRV', 'Lock-up Restaurant Service Charge', 1, 38, '99600', 0),
(10058, 2, 'LCK_SRV', 'Lock-up Store Service Charge', 1, 38, '5000', 0),
(10059, 2, 'BUK_SRV', 'Open Restaurant (Buka) Service Charge', 1, 38, '5950', 0),
(10060, 2, 'OPN_SRV', 'Open Store Service Charge', 1, 38, '3000', 0),
(10061, 2, 'HLF_SRV', 'Open Store (Half) Service Charge', 1, 38, '2000', 0),
(10062, 2, 'QTR_SRV', 'Open Store (Quarter) Service Charge', 1, 38, '1500', 0),
(10063, 2, 'RST_SRV', 'Stand-alone Restaurant Service Charge', 1, 38, '208900', 0),
(10064, 2, 'WH_SRV', 'Warehouse Service Charge', 1, 38, '6000', 0);

INSERT INTO `items_srv` (`ServiceID`, `useasset`, `assetcat`, `periodtype`, `timetype`, `periods`, `alertperiod`) VALUES
(10015, 1, '33', 10, 7, 5, 180),
(10023, 1, '33', 10, 7, 10, 360),
(10009, 1, '33', 10, 7, 1, 60),
(10017, 1, '32', 10, 7, 10, 360),
(10014, 1, '29', 10, 7, 5, 180),
(10022, 1, '29', 10, 7, 10, 360),
(10006, 1, '29', 10, 7, 1, 60),
(10008, 1, '31', 10, 7, 1, 60),
(10007, 1, '30', 10, 7, 1, 60),
(10013, 1, '28', 10, 7, 5, 180),
(10021, 1, '28', 10, 7, 10, 360),
(10005, 1, '28', 10, 7, 1, 60),
(10012, 1, '27', 10, 7, 5, 180),
(10020, 1, '27', 10, 7, 10, 360),
(10004, 1, '27', 10, 7, 1, 60),
(10019, 1, '26', 10, 7, 10, 360),
(10011, 1, '25', 10, 7, 5, 180),
(10018, 1, '25', 10, 7, 10, 360),
(10003, 1, '25', 10, 7, 1, 60),
(10010, 1, '24', 10, 7, 5, 180),
(10016, 1, '24', 10, 7, 10, 360),
(10001, 0, '', 8, 2, 0, 0),
(10002, 0, '', 8, 2, 0, 0),
(10024, 0, '', 8, 2, 0, 0),
(10025, 0, '', 8, 2, 0, 0),
(10026, 0, '', 8, 2, 0, 0),
(10027, 0, '', 8, 2, 0, 0),
(10028, 0, '', 8, 2, 0, 0),
(10029, 0, '', 8, 2, 0, 0),
(10030, 0, '', 8, 2, 0, 0),
(10031, 0, '', 8, 2, 0, 0),
(10032, 0, '', 8, 2, 0, 0),
(10033, 0, '', 8, 2, 0, 0),
(10034, 0, '', 8, 2, 0, 0),
(10035, 0, '', 8, 2, 0, 0),
(10036, 0, '', 8, 2, 0, 0),
(10037, 0, '', 8, 2, 0, 0),
(10038, 0, '', 8, 2, 0, 0),
(10039, 0, '', 8, 2, 0, 0),
(10040, 0, '', 8, 2, 0, 0),
(10041, 0, '', 8, 2, 0, 0),
(10042, 0, '', 8, 2, 0, 0),
(10043, 0, '', 8, 2, 0, 0),
(10044, 0, '', 8, 2, 0, 0),
(10045, 0, '', 8, 2, 0, 0),
(10046, 0, '', 8, 2, 0, 0),
(10047, 0, '', 8, 2, 0, 0),
(10048, 0, '', 8, 2, 0, 0),
(10049, 0, '', 8, 2, 0, 0),
(10050, 0, '', 8, 2, 0, 0),
(10051, 0, '', 8, 2, 0, 0),
(10052, 0, '', 8, 2, 0, 0),
(10053, 0, '', 8, 2, 0, 0),
(10054, 0, '', 8, 2, 0, 0),
(10055, 0, '', 8, 2, 0, 0),
(10056, 0, '', 8, 2, 0, 0),
(10057, 0, '', 8, 2, 0, 0),
(10058, 0, '', 8, 2, 0, 0),
(10059, 0, '', 8, 2, 0, 0),
(10060, 0, '', 8, 2, 0, 0),
(10061, 0, '', 8, 2, 0, 0),
(10062, 0, '', 8, 2, 0, 0),
(10063, 0, '', 8, 2, 0, 0),
(10064, 0, '', 8, 2, 0, 0);
